{"decision_tree": {"train": 0.7286397812713602, "test": 0.7021857923497268}, "knn": {"train": 0.8708133971291866, "test": 0.8770491803278688}}